t,need,is_peak,have,gap
2026-09-28 07:00:00,0,0,5,5
2026-09-28 08:00:00,4,0,9,5
2026-09-28 09:00:00,21,0,18,-3
2026-09-28 10:00:00,31,0,18,-13
2026-09-28 11:00:00,19,0,18,-1
2026-09-28 12:00:00,38,1,18,-20
2026-09-28 13:00:00,43,1,35,-8
2026-09-28 14:00:00,22,0,52,30
2026-09-28 15:00:00,17,0,52,35
2026-09-28 16:00:00,17,0,52,35
2026-09-28 17:00:00,38,1,34,-4
2026-09-28 18:00:00,50,1,34,-16
2026-09-28 19:00:00,28,0,34,6
2026-09-28 20:00:00,12,0,34,22
2026-09-28 21:00:00,5,0,17,12
2026-09-28 22:00:00,4,0,5,1
2026-09-29 07:00:00,0,0,5,5
2026-09-29 08:00:00,4,0,9,5
2026-09-29 09:00:00,22,0,18,-4
2026-09-29 10:00:00,32,0,18,-14
2026-09-29 11:00:00,19,0,18,-1
2026-09-29 12:00:00,39,1,18,-21
2026-09-29 13:00:00,44,1,36,-8
2026-09-29 14:00:00,22,0,53,31
2026-09-29 15:00:00,17,0,53,36
2026-09-29 16:00:00,17,0,53,36
2026-09-29 17:00:00,38,0,35,-3
2026-09-29 18:00:00,50,1,35,-15
2026-09-29 19:00:00,27,0,35,8
2026-09-29 20:00:00,11,0,35,24
2026-09-29 21:00:00,5,0,17,12
2026-09-29 22:00:00,4,0,5,1
2026-09-30 07:00:00,0,0,5,5
2026-09-30 08:00:00,4,0,9,5
2026-09-30 09:00:00,22,0,18,-4
2026-09-30 10:00:00,32,0,18,-14
2026-09-30 11:00:00,20,0,18,-2
2026-09-30 12:00:00,38,0,18,-20
2026-09-30 13:00:00,43,1,36,-7
2026-09-30 14:00:00,21,0,53,32
2026-09-30 15:00:00,17,0,53,36
2026-09-30 16:00:00,18,0,53,35
2026-09-30 17:00:00,40,1,35,-5
2026-09-30 18:00:00,50,1,35,-15
2026-09-30 19:00:00,27,0,35,8
2026-09-30 20:00:00,12,0,35,23
2026-09-30 21:00:00,5,0,17,12
2026-09-30 22:00:00,4,0,5,1
2026-10-01 07:00:00,0,0,5,5
2026-10-01 08:00:00,4,0,9,5
2026-10-01 09:00:00,22,0,19,-3
2026-10-01 10:00:00,34,0,19,-15
2026-10-01 11:00:00,21,0,19,-2
2026-10-01 12:00:00,41,1,19,-22
2026-10-01 13:00:00,45,1,37,-8
2026-10-01 14:00:00,23,0,54,31
2026-10-01 15:00:00,18,0,54,36
2026-10-01 16:00:00,18,0,54,36
2026-10-01 17:00:00,41,1,35,-6
2026-10-01 18:00:00,53,1,35,-18
2026-10-01 19:00:00,28,0,35,7
2026-10-01 20:00:00,11,0,35,24
2026-10-01 21:00:00,5,0,17,12
2026-10-01 22:00:00,4,0,5,1
2026-10-02 07:00:00,0,0,5,5
2026-10-02 08:00:00,4,0,9,5
2026-10-02 09:00:00,24,0,20,-4
2026-10-02 10:00:00,36,0,20,-16
2026-10-02 11:00:00,21,0,20,-1
2026-10-02 12:00:00,42,0,20,-22
2026-10-02 13:00:00,47,1,39,-8
2026-10-02 14:00:00,24,0,57,33
2026-10-02 15:00:00,20,0,57,37
2026-10-02 16:00:00,19,0,57,38
2026-10-02 17:00:00,43,1,37,-6
2026-10-02 18:00:00,57,1,37,-20
2026-10-02 19:00:00,31,0,37,6
2026-10-02 20:00:00,12,0,37,25
2026-10-02 21:00:00,5,0,18,13
2026-10-02 22:00:00,4,0,5,1
2026-10-03 07:00:00,0,0,5,5
2026-10-03 08:00:00,4,0,9,5
2026-10-03 09:00:00,26,0,17,-9
2026-10-03 10:00:00,40,0,17,-23
2026-10-03 11:00:00,25,0,17,-8
2026-10-03 12:00:00,48,1,17,-31
2026-10-03 13:00:00,52,1,34,-18
2026-10-03 14:00:00,27,0,50,23
2026-10-03 15:00:00,22,0,50,28
2026-10-03 16:00:00,21,0,50,29
2026-10-03 17:00:00,48,1,33,-15
2026-10-03 18:00:00,62,1,33,-29
2026-10-03 19:00:00,33,0,33,0
2026-10-03 20:00:00,14,0,33,19
2026-10-03 21:00:00,6,0,16,10
2026-10-03 22:00:00,4,0,5,1
2026-10-04 07:00:00,0,0,5,5
2026-10-04 08:00:00,4,0,9,5
2026-10-04 09:00:00,25,0,17,-8
2026-10-04 10:00:00,37,0,17,-20
2026-10-04 11:00:00,23,0,17,-6
2026-10-04 12:00:00,45,0,17,-28
2026-10-04 13:00:00,49,1,34,-15
2026-10-04 14:00:00,25,0,50,25
2026-10-04 15:00:00,21,0,50,29
2026-10-04 16:00:00,20,0,50,30
2026-10-04 17:00:00,46,1,33,-13
2026-10-04 18:00:00,58,1,33,-25
2026-10-04 19:00:00,31,0,33,2
2026-10-04 20:00:00,12,0,33,21
2026-10-04 21:00:00,5,0,16,11
2026-10-04 22:00:00,4,0,5,1
