employee_id,date,code,start_time,end_time,hours,jornada_code,on_rest_day
S20-A01,2026-09-28,ADM,09:00,17:00,8.0,D,0
S20-A01,2026-09-29,ADM,09:00,17:00,8.0,D,0
S20-A01,2026-09-30,ADM,09:00,17:00,8.0,D,0
S20-A01,2026-10-01,ADM,09:00,17:00,8.0,D,0
S20-A01,2026-10-02,ADM,09:00,17:00,8.0,D,0
S20-A02,2026-09-28,ADM,09:00,17:00,8.0,D,0
S20-A02,2026-09-29,ADM,09:00,17:00,8.0,D,0
S20-A02,2026-09-30,ADM,09:00,17:00,8.0,D,0
S20-A02,2026-10-01,ADM,09:00,17:00,8.0,D,0
S20-A02,2026-10-02,ADM,09:00,17:00,8.0,D,0
S20-A03,2026-09-28,ADM,09:00,17:00,8.0,D,0
S20-A03,2026-09-29,ADM,09:00,17:00,8.0,D,0
S20-A03,2026-09-30,ADM,09:00,17:00,8.0,D,0
S20-A03,2026-10-01,ADM,09:00,17:00,8.0,D,0
S20-A03,2026-10-02,ADM,09:00,17:00,8.0,D,0
S20-A04,2026-09-28,ADM,09:00,17:00,8.0,D,0
S20-A04,2026-09-29,ADM,09:00,17:00,8.0,D,0
S20-A04,2026-09-30,ADM,09:00,17:00,8.0,D,0
S20-A04,2026-10-01,ADM,09:00,17:00,8.0,D,0
S20-A04,2026-10-02,ADM,09:00,17:00,8.0,D,0
S20-A05,2026-09-28,ADM,09:00,17:00,8.0,D,0
S20-A05,2026-09-29,ADM,09:00,17:00,8.0,D,0
S20-A05,2026-09-30,ADM,09:00,17:00,8.0,D,0
S20-A05,2026-10-01,ADM,09:00,17:00,8.0,D,0
S20-A05,2026-10-02,ADM,09:00,17:00,8.0,D,0
S20-A06,2026-09-28,ADM,09:00,17:00,8.0,D,0
S20-A06,2026-09-29,ADM,09:00,17:00,8.0,D,0
S20-A06,2026-09-30,ADM,09:00,17:00,8.0,D,0
S20-A06,2026-10-01,ADM,09:00,17:00,8.0,D,0
S20-A06,2026-10-02,ADM,09:00,17:00,8.0,D,0
S20-A07,2026-09-28,ADM,09:00,17:00,8.0,D,0
S20-A07,2026-09-29,ADM,09:00,17:00,8.0,D,0
S20-A07,2026-09-30,ADM,09:00,17:00,8.0,D,0
S20-A07,2026-10-01,ADM,09:00,17:00,8.0,D,0
S20-A07,2026-10-02,ADM,09:00,17:00,8.0,D,0
S20-A08,2026-09-28,ADM,09:00,17:00,8.0,D,0
S20-A08,2026-09-29,ADM,09:00,17:00,8.0,D,0
S20-A08,2026-09-30,ADM,09:00,17:00,8.0,D,0
S20-A08,2026-10-01,ADM,09:00,17:00,8.0,D,0
S20-A08,2026-10-02,ADM,09:00,17:00,8.0,D,0
S20-T1-01,2026-09-28,T1,07:00,17:00,10.0,D,0
S20-T1-01,2026-09-29,T1,07:00,17:00,10.0,D,0
S20-T1-01,2026-09-30,T1,07:00,17:00,10.0,D,0
S20-T1-01,2026-10-01,T1,07:00,17:00,10.0,D,0
S20-T1-01,2026-10-02,T1,07:00,17:00,10.0,D,0
S20-T1-01,2026-10-04,T1,09:00,17:00,8.0,D,1
S20-T1-02,2026-09-29,T1,07:00,17:00,10.0,D,0
S20-T1-02,2026-09-30,T1,07:00,17:00,10.0,D,0
S20-T1-02,2026-10-01,T1,07:00,17:00,10.0,D,0
S20-T1-02,2026-10-02,T1,07:00,17:00,10.0,D,0
S20-T1-02,2026-10-03,T1,07:00,17:00,10.0,D,0
S20-T1-02,2026-10-04,T1,09:00,17:00,8.0,D,1
S20-T1-03,2026-09-29,T1,07:00,17:00,10.0,D,0
S20-T1-03,2026-09-30,T1,07:00,17:00,10.0,D,0
S20-T1-03,2026-10-01,T1,07:00,17:00,10.0,D,0
S20-T1-03,2026-10-02,T1,07:00,17:00,10.0,D,0
S20-T1-03,2026-10-03,T1,07:00,17:00,10.0,D,0
S20-T1-04,2026-09-28,T1,07:00,17:00,10.0,D,0
S20-T1-04,2026-09-29,T1,07:00,17:00,10.0,D,0
S20-T1-04,2026-09-30,T1,07:00,17:00,10.0,D,0
S20-T1-04,2026-10-01,T1,07:00,17:00,10.0,D,0
S20-T1-04,2026-10-02,T1,07:00,17:00,10.0,D,0
S20-T1-05,2026-09-28,T1,07:00,17:00,10.0,D,0
S20-T1-05,2026-09-29,T1,07:00,17:00,10.0,D,0
S20-T1-05,2026-09-30,T1,07:00,17:00,10.0,D,0
S20-T1-05,2026-10-03,T1,07:00,17:00,10.0,D,0
S20-T1-05,2026-10-04,T1,07:00,17:00,10.0,D,0
S20-T1-06,2026-09-28,T1,07:00,17:00,10.0,D,0
S20-T1-06,2026-10-01,T1,07:00,17:00,10.0,D,0
S20-T1-06,2026-10-02,T1,07:00,17:00,10.0,D,0
S20-T1-06,2026-10-03,T1,07:00,17:00,10.0,D,0
S20-T1-06,2026-10-04,T1,07:00,17:00,10.0,D,0
S20-T1-07,2026-09-28,T1,07:00,17:00,10.0,D,0
S20-T1-07,2026-09-29,T1,08:00,17:00,9.0,D,0
S20-T1-07,2026-09-30,T1,08:00,17:00,9.0,D,0
S20-T1-07,2026-10-01,T1,08:00,17:00,9.0,D,0
S20-T1-07,2026-10-04,T1,07:00,17:00,10.0,D,0
S20-T1-08,2026-09-28,T1,08:00,17:00,9.0,D,0
S20-T1-08,2026-10-01,T1,08:00,17:00,9.0,D,0
S20-T1-08,2026-10-02,T1,08:00,17:00,9.0,D,0
S20-T1-08,2026-10-03,T1,07:00,17:00,10.0,D,0
S20-T1-08,2026-10-04,T1,07:00,17:00,10.0,D,0
S20-T1-09,2026-09-28,T1,08:00,17:00,9.0,D,0
S20-T1-09,2026-09-29,T1,08:00,17:00,9.0,D,0
S20-T1-09,2026-10-02,T1,08:00,17:00,9.0,D,0
S20-T1-09,2026-10-03,T1,08:00,17:00,9.0,D,0
S20-T1-09,2026-10-04,T1,07:00,17:00,10.0,D,0
S20-T1-10,2026-09-28,T1,08:00,17:00,9.0,D,0
S20-T1-10,2026-09-29,T1,08:00,17:00,9.0,D,0
S20-T1-10,2026-09-30,T1,08:00,17:00,9.0,D,0
S20-T1-10,2026-10-01,T1,08:00,17:00,9.0,D,0
S20-T1-10,2026-10-02,T1,08:00,17:00,9.0,D,0
S20-T1-11,2026-09-28,T1,08:00,17:00,9.0,D,0
S20-T1-11,2026-09-29,T1,08:00,17:00,9.0,D,0
S20-T1-11,2026-09-30,T1,08:00,17:00,9.0,D,0
S20-T1-11,2026-10-03,T1,08:00,17:00,9.0,D,0
S20-T1-11,2026-10-04,T1,08:00,17:00,9.0,D,0
S20-T1-12,2026-09-29,T1,09:00,17:00,8.0,D,0
S20-T1-12,2026-09-30,T1,08:00,17:00,9.0,D,0
S20-T1-12,2026-10-01,T1,08:00,17:00,9.0,D,0
S20-T1-12,2026-10-02,T1,08:00,17:00,9.0,D,0
S20-T1-12,2026-10-03,T1,08:00,17:00,9.0,D,0
S20-T1-13,2026-09-28,T1,09:00,17:00,8.0,D,0
S20-T1-13,2026-09-29,T1,09:00,17:00,8.0,D,0
S20-T1-13,2026-10-02,T1,09:00,17:00,8.0,D,0
S20-T1-13,2026-10-03,T1,08:00,17:00,9.0,D,0
S20-T1-13,2026-10-04,T1,08:00,17:00,9.0,D,0
S20-T1-14,2026-09-28,T1,09:00,17:00,8.0,D,0
S20-T1-14,2026-09-29,T1,09:00,17:00,8.0,D,0
S20-T1-14,2026-09-30,T1,09:00,17:00,8.0,D,0
S20-T1-14,2026-10-01,T1,09:00,17:00,8.0,D,0
S20-T1-14,2026-10-02,T1,09:00,17:00,8.0,D,0
S20-T1-15,2026-09-28,T1,09:00,17:00,8.0,D,0
S20-T1-15,2026-10-01,T1,09:00,17:00,8.0,D,0
S20-T1-15,2026-10-02,T1,09:00,17:00,8.0,D,0
S20-T1-15,2026-10-03,T1,09:00,17:00,8.0,D,0
S20-T1-15,2026-10-04,T1,08:00,17:00,9.0,D,0
S20-T1-16,2026-09-28,T1,09:00,17:00,8.0,D,0
S20-T1-16,2026-09-29,T1,09:00,17:00,8.0,D,0
S20-T1-16,2026-10-02,T1,09:00,17:00,8.0,D,0
S20-T1-16,2026-10-03,T1,09:00,17:00,8.0,D,0
S20-T1-16,2026-10-04,T1,08:00,17:00,9.0,D,0
S20-T1-17,2026-09-30,T1,09:00,17:00,8.0,D,0
S20-T1-17,2026-10-01,T1,09:00,17:00,8.0,D,0
S20-T1-17,2026-10-02,T1,09:00,17:00,8.0,D,0
S20-T1-17,2026-10-03,T1,09:00,17:00,8.0,D,0
S20-T1-17,2026-10-04,T1,09:00,17:00,8.0,D,0
S20-T1-18,2026-09-30,T1,09:00,17:00,8.0,D,0
S20-T1-18,2026-10-01,T1,09:00,17:00,8.0,D,0
S20-T1-18,2026-10-02,T1,09:00,17:00,8.0,D,0
S20-T1-18,2026-10-03,T1,09:00,17:00,8.0,D,0
S20-T1-18,2026-10-04,T1,09:00,17:00,8.0,D,0
S20-T1-19,2026-09-28,T1,09:00,17:00,8.0,D,0
S20-T1-19,2026-09-29,T1,09:00,17:00,8.0,D,0
S20-T1-19,2026-09-30,T1,09:00,17:00,8.0,D,0
S20-T1-19,2026-10-03,T1,09:00,17:00,8.0,D,0
S20-T1-19,2026-10-04,T1,09:00,17:00,8.0,D,0
S20-T1-20,2026-09-29,T1,09:00,17:00,8.0,D,0
S20-T1-20,2026-09-30,T1,09:00,17:00,8.0,D,0
S20-T1-20,2026-10-01,T1,09:00,17:00,8.0,D,0
S20-T1-20,2026-10-02,T1,09:00,17:00,8.0,D,0
S20-T1-20,2026-10-03,T1,09:00,17:00,8.0,D,0
S20-T1-21,2026-09-28,T1,09:00,17:00,8.0,D,0
S20-T1-21,2026-09-29,T1,09:00,17:00,8.0,D,0
S20-T1-21,2026-09-30,T1,09:00,17:00,8.0,D,0
S20-T1-21,2026-10-01,T1,09:00,17:00,8.0,D,0
S20-T1-21,2026-10-04,T1,09:00,17:00,8.0,D,0
S20-T1-22,2026-09-28,T1,09:00,17:00,8.0,D,0
S20-T1-22,2026-09-29,T1,09:00,17:00,8.0,D,0
S20-T1-22,2026-09-30,T1,09:00,17:00,8.0,D,0
S20-T1-22,2026-10-01,T1,09:00,17:00,8.0,D,0
S20-T1-22,2026-10-02,T1,09:00,17:00,8.0,D,0
S20-T1-23,2026-09-28,T1,09:00,17:00,8.0,D,0
S20-T1-23,2026-10-01,T1,09:00,17:00,8.0,D,0
S20-T1-23,2026-10-02,T1,09:00,17:00,8.0,D,0
S20-T1-23,2026-10-03,T1,09:00,17:00,8.0,D,0
S20-T1-23,2026-10-04,T1,09:00,17:00,8.0,D,0
S20-T1-24,2026-09-30,T1,09:00,17:00,8.0,D,0
S20-T1-24,2026-10-01,T1,09:00,17:00,8.0,D,0
S20-T1-24,2026-10-02,T1,09:00,17:00,8.0,D,0
S20-T1-24,2026-10-03,T1,09:00,17:00,8.0,D,0
S20-T1-24,2026-10-04,T1,09:00,17:00,8.0,D,0
S20-T1-25,2026-09-28,T1,09:00,17:00,8.0,D,0
S20-T1-25,2026-09-29,T1,09:00,17:00,8.0,D,0
S20-T1-25,2026-09-30,T1,09:00,17:00,8.0,D,0
S20-T1-25,2026-10-01,T1,09:00,17:00,8.0,D,0
S20-T1-25,2026-10-02,T1,09:00,17:00,8.0,D,0
S20-T2-01,2026-09-28,T2,13:00,21:00,8.0,M,0
S20-T2-01,2026-09-29,T2,13:00,21:00,8.0,M,0
S20-T2-01,2026-09-30,T2,13:00,21:00,8.0,M,0
S20-T2-01,2026-10-01,T2,13:00,21:00,8.0,M,0
S20-T2-01,2026-10-02,T2,13:00,21:00,8.0,M,0
S20-T2-01,2026-10-03,T2,13:00,21:00,8.0,M,1
S20-T2-02,2026-09-28,T2,13:00,21:00,8.0,M,0
S20-T2-02,2026-09-29,T2,13:00,21:00,8.0,M,0
S20-T2-02,2026-09-30,T2,13:00,21:00,8.0,M,0
S20-T2-02,2026-10-01,T2,13:00,21:00,8.0,M,0
S20-T2-02,2026-10-04,T2,13:00,21:00,8.0,M,0
S20-T2-03,2026-09-28,T2,13:00,21:00,8.0,M,0
S20-T2-03,2026-09-29,T2,13:00,21:00,8.0,M,0
S20-T2-03,2026-09-30,T2,13:00,21:00,8.0,M,0
S20-T2-03,2026-10-03,T2,13:00,21:00,8.0,M,0
S20-T2-03,2026-10-04,T2,13:00,21:00,8.0,M,0
S20-T2-04,2026-09-28,T2,13:00,21:00,8.0,M,0
S20-T2-04,2026-09-29,T2,13:00,21:00,8.0,M,0
S20-T2-04,2026-09-30,T2,13:00,21:00,8.0,M,0
S20-T2-04,2026-10-03,T2,13:00,21:00,8.0,M,0
S20-T2-04,2026-10-04,T2,13:00,21:00,8.0,M,0
S20-T2-05,2026-09-28,T2,13:00,21:00,8.0,M,0
S20-T2-05,2026-10-01,T2,13:00,21:00,8.0,M,0
S20-T2-05,2026-10-02,T2,13:00,21:00,8.0,M,0
S20-T2-05,2026-10-03,T2,13:00,21:00,8.0,M,0
S20-T2-05,2026-10-04,T2,13:00,21:00,8.0,M,0
S20-T2-06,2026-09-29,T2,13:00,21:00,8.0,M,0
S20-T2-06,2026-09-30,T2,13:00,21:00,8.0,M,0
S20-T2-06,2026-10-01,T2,13:00,21:00,8.0,M,0
S20-T2-06,2026-10-02,T2,13:00,21:00,8.0,M,0
S20-T2-06,2026-10-03,T2,13:00,21:00,8.0,M,0
S20-T2-06,2026-10-04,T2,13:00,21:00,8.0,M,1
S20-T2-07,2026-09-28,T2,13:00,21:00,8.0,M,0
S20-T2-07,2026-09-29,T2,13:00,21:00,8.0,M,0
S20-T2-07,2026-09-30,T2,13:00,21:00,8.0,M,0
S20-T2-07,2026-10-01,T2,13:00,21:00,8.0,M,0
S20-T2-07,2026-10-02,T2,13:00,21:00,8.0,M,0
S20-T2-07,2026-10-04,T2,13:00,21:00,8.0,M,1
S20-T2-08,2026-09-28,T2,13:00,21:00,8.0,M,0
S20-T2-08,2026-09-29,T2,13:00,21:00,8.0,M,0
S20-T2-08,2026-10-02,T2,13:00,21:00,8.0,M,0
S20-T2-08,2026-10-03,T2,13:00,21:00,8.0,M,0
S20-T2-08,2026-10-04,T2,13:00,21:00,8.0,M,0
S20-T2-09,2026-09-28,T2,13:00,21:00,8.0,M,0
S20-T2-09,2026-09-29,T2,13:00,21:00,8.0,M,0
S20-T2-09,2026-09-30,T2,13:00,21:00,8.0,M,0
S20-T2-09,2026-10-01,T2,13:00,21:00,8.0,M,0
S20-T2-09,2026-10-02,T2,13:00,21:00,8.0,M,0
S20-T2-09,2026-10-04,T2,13:00,21:00,8.0,M,1
S20-T2-10,2026-09-29,T2,13:00,21:00,8.0,M,0
S20-T2-10,2026-09-30,T2,13:00,21:00,8.0,M,0
S20-T2-10,2026-10-01,T2,13:00,21:00,8.0,M,0
S20-T2-10,2026-10-02,T2,13:00,21:00,8.0,M,0
S20-T2-10,2026-10-03,T2,13:00,21:00,8.0,M,0
S20-T2-11,2026-09-28,T2,13:00,21:00,8.0,M,0
S20-T2-11,2026-09-29,T2,13:00,21:00,8.0,M,0
S20-T2-11,2026-10-02,T2,13:00,21:00,8.0,M,0
S20-T2-11,2026-10-03,T2,13:00,21:00,8.0,M,0
S20-T2-11,2026-10-04,T2,13:00,21:00,8.0,M,0
S20-T2-12,2026-09-28,T2,13:00,21:00,8.0,M,0
S20-T2-12,2026-09-29,T2,13:00,21:00,8.0,M,0
S20-T2-12,2026-09-30,T2,13:00,21:00,8.0,M,0
S20-T2-12,2026-10-01,T2,13:00,21:00,8.0,M,0
S20-T2-12,2026-10-02,T2,13:00,21:00,8.0,M,0
S20-T2-13,2026-09-28,T2,13:00,21:00,8.0,M,0
S20-T2-13,2026-10-01,T2,13:00,21:00,8.0,M,0
S20-T2-13,2026-10-02,T2,13:00,21:00,8.0,M,0
S20-T2-13,2026-10-03,T2,13:00,21:00,8.0,M,0
S20-T2-13,2026-10-04,T2,13:00,21:00,8.0,M,0
S20-T2-14,2026-09-28,T2,13:00,21:00,8.0,M,0
S20-T2-14,2026-09-29,T2,13:00,21:00,8.0,M,0
S20-T2-14,2026-10-02,T2,13:00,21:00,8.0,M,0
S20-T2-14,2026-10-03,T2,13:00,21:00,8.0,M,0
S20-T2-14,2026-10-04,T2,13:00,21:00,8.0,M,0
S20-T2-15,2026-09-30,T2,13:00,21:00,8.0,M,0
S20-T2-15,2026-10-01,T2,13:00,21:00,8.0,M,0
S20-T2-15,2026-10-02,T2,13:00,21:00,8.0,M,0
S20-T2-15,2026-10-03,T2,13:00,21:00,8.0,M,0
S20-T2-15,2026-10-04,T2,13:00,21:00,8.0,M,0
S20-T2-16,2026-09-28,T2,13:00,21:00,8.0,M,0
S20-T2-16,2026-09-29,T2,13:00,21:00,8.0,M,0
S20-T2-16,2026-09-30,T2,13:00,21:00,8.0,M,0
S20-T2-16,2026-10-01,T2,13:00,21:00,8.0,M,0
S20-T2-16,2026-10-02,T2,13:00,21:00,8.0,M,0
S20-T2-17,2026-09-30,T2,13:00,21:00,8.0,M,0
S20-T2-17,2026-10-01,T2,13:00,21:00,8.0,M,0
S20-T2-17,2026-10-02,T2,13:00,21:00,8.0,M,0
S20-T2-17,2026-10-03,T2,13:00,21:00,8.0,M,0
S20-T2-17,2026-10-04,T2,13:00,21:00,8.0,M,0
S20-T2-18,2026-09-28,T2,13:00,21:00,8.0,M,0
S20-T2-18,2026-09-29,T2,13:00,21:00,8.0,M,0
S20-T2-18,2026-09-30,T2,13:00,21:00,8.0,M,0
S20-T2-18,2026-10-03,T2,13:00,21:00,8.0,M,0
S20-T2-18,2026-10-04,T2,13:00,21:00,8.0,M,0
S20-T2-19,2026-09-29,T2,13:00,21:00,8.0,M,0
S20-T2-19,2026-09-30,T2,13:00,21:00,8.0,M,0
S20-T2-19,2026-10-01,T2,13:00,21:00,8.0,M,0
S20-T2-19,2026-10-02,T2,13:00,21:00,8.0,M,0
S20-T2-19,2026-10-03,T2,13:00,21:00,8.0,M,0
S20-T2-20,2026-09-28,T2,13:00,21:00,8.0,M,0
S20-T2-20,2026-09-29,T2,13:00,21:00,8.0,M,0
S20-T2-20,2026-09-30,T2,13:00,21:00,8.0,M,0
S20-T2-20,2026-10-01,T2,13:00,21:00,8.0,M,0
S20-T2-20,2026-10-04,T2,13:00,21:00,8.0,M,0
S20-T2-21,2026-09-29,T2,13:00,21:00,8.0,M,0
S20-T2-21,2026-09-30,T2,13:00,21:00,8.0,M,0
S20-T2-21,2026-10-01,T2,13:00,21:00,8.0,M,0
S20-T2-21,2026-10-02,T2,13:00,21:00,8.0,M,0
S20-T2-21,2026-10-03,T2,13:00,21:00,8.0,M,0
S20-T2-22,2026-09-28,T2,13:00,21:00,8.0,M,0
S20-T2-22,2026-10-01,T2,13:00,21:00,8.0,M,0
S20-T2-22,2026-10-02,T2,13:00,21:00,8.0,M,0
S20-T2-22,2026-10-03,T2,13:00,21:00,8.0,M,0
S20-T2-22,2026-10-04,T2,13:00,21:00,8.0,M,0
S20-T2-23,2026-09-30,T2,13:00,21:00,8.0,M,0
S20-T2-23,2026-10-01,T2,13:00,21:00,8.0,M,0
S20-T2-23,2026-10-02,T2,13:00,21:00,8.0,M,0
S20-T2-23,2026-10-03,T2,13:00,21:00,8.0,M,0
S20-T2-23,2026-10-04,T2,13:00,21:00,8.0,M,0
S20-T2-24,2026-09-28,T2,13:00,21:00,8.0,M,0
S20-T2-24,2026-09-29,T2,13:00,21:00,8.0,M,0
S20-T2-24,2026-09-30,T2,13:00,21:00,8.0,M,0
S20-T2-24,2026-10-01,T2,13:00,21:00,8.0,M,0
S20-T2-24,2026-10-02,T2,13:00,21:00,8.0,M,0
S20-T3-01,2026-09-28,T3,14:00,23:00,9.0,M,0
S20-T3-01,2026-09-29,T3,14:00,23:00,9.0,M,0
S20-T3-01,2026-09-30,T3,14:00,23:00,9.0,M,0
S20-T3-01,2026-10-01,T3,14:00,23:00,9.0,M,0
S20-T3-01,2026-10-02,T3,14:00,23:00,9.0,M,0
S20-T3-01,2026-10-03,T3,14:00,22:00,8.0,M,1
S20-T3-02,2026-09-28,T3,14:00,23:00,9.0,M,0
S20-T3-02,2026-09-29,T3,14:00,23:00,9.0,M,0
S20-T3-02,2026-09-30,T3,14:00,23:00,9.0,M,0
S20-T3-02,2026-10-01,T3,14:00,23:00,9.0,M,0
S20-T3-02,2026-10-04,T3,14:00,23:00,9.0,M,0
S20-T3-03,2026-09-28,T3,14:00,23:00,9.0,M,0
S20-T3-03,2026-09-29,T3,14:00,23:00,9.0,M,0
S20-T3-03,2026-09-30,T3,14:00,23:00,9.0,M,0
S20-T3-03,2026-10-03,T3,14:00,23:00,9.0,M,0
S20-T3-03,2026-10-04,T3,14:00,23:00,9.0,M,0
S20-T3-04,2026-09-28,T3,14:00,23:00,9.0,M,0
S20-T3-04,2026-09-29,T3,14:00,23:00,9.0,M,0
S20-T3-04,2026-09-30,T3,14:00,23:00,9.0,M,0
S20-T3-04,2026-10-03,T3,14:00,23:00,9.0,M,0
S20-T3-04,2026-10-04,T3,14:00,23:00,9.0,M,0
S20-T3-05,2026-09-28,T3,14:00,23:00,9.0,M,0
S20-T3-05,2026-10-01,T3,14:00,23:00,9.0,M,0
S20-T3-05,2026-10-02,T3,14:00,23:00,9.0,M,0
S20-T3-05,2026-10-03,T3,14:00,23:00,9.0,M,0
S20-T3-05,2026-10-04,T3,14:00,23:00,9.0,M,0
S20-T3-06,2026-09-29,T3,14:00,23:00,9.0,M,0
S20-T3-06,2026-09-30,T3,14:00,23:00,9.0,M,0
S20-T3-06,2026-10-01,T3,14:00,23:00,9.0,M,0
S20-T3-06,2026-10-02,T3,14:00,23:00,9.0,M,0
S20-T3-06,2026-10-03,T3,14:00,23:00,9.0,M,0
S20-T3-06,2026-10-04,T3,14:00,22:00,8.0,M,1
S20-T3-07,2026-09-28,T3,14:00,22:00,8.0,M,0
S20-T3-07,2026-09-29,T3,14:00,22:00,8.0,M,0
S20-T3-07,2026-09-30,T3,14:00,22:00,8.0,M,0
S20-T3-07,2026-10-01,T3,14:00,23:00,9.0,M,0
S20-T3-07,2026-10-02,T3,14:00,23:00,9.0,M,0
S20-T3-07,2026-10-04,T3,14:00,22:00,8.0,M,1
S20-T3-08,2026-09-28,T3,14:00,22:00,8.0,M,0
S20-T3-08,2026-09-29,T3,14:00,22:00,8.0,M,0
S20-T3-08,2026-10-02,T3,14:00,23:00,9.0,M,0
S20-T3-08,2026-10-03,T3,14:00,23:00,9.0,M,0
S20-T3-08,2026-10-04,T3,14:00,23:00,9.0,M,0
S20-T3-09,2026-09-28,T3,14:00,22:00,8.0,M,0
S20-T3-09,2026-09-29,T3,14:00,22:00,8.0,M,0
S20-T3-09,2026-09-30,T3,14:00,22:00,8.0,M,0
S20-T3-09,2026-10-01,T3,14:00,22:00,8.0,M,0
S20-T3-09,2026-10-02,T3,14:00,22:00,8.0,M,0
S20-T3-10,2026-09-29,T3,14:00,22:00,8.0,M,0
S20-T3-10,2026-09-30,T3,14:00,22:00,8.0,M,0
S20-T3-10,2026-10-01,T3,14:00,22:00,8.0,M,0
S20-T3-10,2026-10-02,T3,14:00,22:00,8.0,M,0
S20-T3-10,2026-10-03,T3,14:00,22:00,8.0,M,0
S20-T3-11,2026-09-28,T3,14:00,22:00,8.0,M,0
S20-T3-11,2026-09-29,T3,14:00,22:00,8.0,M,0
S20-T3-11,2026-10-02,T3,14:00,22:00,8.0,M,0
S20-T3-11,2026-10-03,T3,14:00,22:00,8.0,M,0
S20-T3-11,2026-10-04,T3,14:00,22:00,8.0,M,0
S20-T3-12,2026-09-28,T3,14:00,22:00,8.0,M,0
S20-T3-12,2026-09-29,T3,14:00,22:00,8.0,M,0
S20-T3-12,2026-09-30,T3,14:00,22:00,8.0,M,0
S20-T3-12,2026-10-01,T3,14:00,22:00,8.0,M,0
S20-T3-12,2026-10-02,T3,14:00,22:00,8.0,M,0
S20-T3-13,2026-09-28,T3,14:00,22:00,8.0,M,0
S20-T3-13,2026-10-01,T3,14:00,22:00,8.0,M,0
S20-T3-13,2026-10-02,T3,14:00,22:00,8.0,M,0
S20-T3-13,2026-10-03,T3,14:00,22:00,8.0,M,0
S20-T3-13,2026-10-04,T3,14:00,22:00,8.0,M,0
S20-T3-14,2026-09-28,T3,14:00,22:00,8.0,M,0
S20-T3-14,2026-09-29,T3,14:00,22:00,8.0,M,0
S20-T3-14,2026-10-02,T3,14:00,22:00,8.0,M,0
S20-T3-14,2026-10-03,T3,14:00,22:00,8.0,M,0
S20-T3-14,2026-10-04,T3,14:00,22:00,8.0,M,0
S20-T3-15,2026-09-30,T3,14:00,22:00,8.0,M,0
S20-T3-15,2026-10-01,T3,14:00,22:00,8.0,M,0
S20-T3-15,2026-10-02,T3,14:00,22:00,8.0,M,0
S20-T3-15,2026-10-03,T3,14:00,22:00,8.0,M,0
S20-T3-15,2026-10-04,T3,14:00,22:00,8.0,M,0
S20-T3-16,2026-09-28,T3,14:00,22:00,8.0,M,0
S20-T3-16,2026-09-29,T3,14:00,22:00,8.0,M,0
S20-T3-16,2026-09-30,T3,14:00,22:00,8.0,M,0
S20-T3-16,2026-10-01,T3,14:00,22:00,8.0,M,0
S20-T3-16,2026-10-02,T3,14:00,22:00,8.0,M,0
S20-T3-17,2026-09-30,T3,14:00,22:00,8.0,M,0
S20-T3-17,2026-10-01,T3,14:00,22:00,8.0,M,0
S20-T3-17,2026-10-02,T3,14:00,22:00,8.0,M,0
S20-T3-17,2026-10-03,T3,14:00,22:00,8.0,M,0
S20-T3-17,2026-10-04,T3,14:00,22:00,8.0,M,0
S20-T3-18,2026-09-28,T3,14:00,22:00,8.0,M,0
S20-T3-18,2026-09-29,T3,14:00,22:00,8.0,M,0
S20-T3-18,2026-09-30,T3,14:00,22:00,8.0,M,0
S20-T3-18,2026-10-03,T3,14:00,22:00,8.0,M,0
S20-T3-18,2026-10-04,T3,14:00,22:00,8.0,M,0
S20-T3-19,2026-09-29,T3,14:00,22:00,8.0,M,0
S20-T3-19,2026-09-30,T3,14:00,22:00,8.0,M,0
S20-T3-19,2026-10-01,T3,14:00,22:00,8.0,M,0
S20-T3-19,2026-10-02,T3,14:00,22:00,8.0,M,0
S20-T3-19,2026-10-03,T3,14:00,22:00,8.0,M,0
S20-T3-20,2026-09-28,T3,14:00,22:00,8.0,M,0
S20-T3-20,2026-09-29,T3,14:00,22:00,8.0,M,0
S20-T3-20,2026-09-30,T3,14:00,22:00,8.0,M,0
S20-T3-20,2026-10-01,T3,14:00,22:00,8.0,M,0
S20-T3-20,2026-10-04,T3,14:00,22:00,8.0,M,0
S20-T3-21,2026-09-28,T3,14:00,22:00,8.0,M,0
S20-T3-21,2026-10-01,T3,14:00,22:00,8.0,M,0
S20-T3-21,2026-10-02,T3,14:00,22:00,8.0,M,0
S20-T3-21,2026-10-03,T3,14:00,22:00,8.0,M,0
S20-T3-21,2026-10-04,T3,14:00,22:00,8.0,M,0
S20-T3-22,2026-09-30,T3,14:00,22:00,8.0,M,0
S20-T3-22,2026-10-01,T3,14:00,22:00,8.0,M,0
S20-T3-22,2026-10-02,T3,14:00,22:00,8.0,M,0
S20-T3-22,2026-10-03,T3,14:00,22:00,8.0,M,0
S20-T3-22,2026-10-04,T3,14:00,22:00,8.0,M,0
S20-T3-23,2026-09-28,T3,14:00,22:00,8.0,M,0
S20-T3-23,2026-09-29,T3,14:00,22:00,8.0,M,0
S20-T3-23,2026-09-30,T3,14:00,22:00,8.0,M,0
S20-T3-23,2026-10-01,T3,14:00,22:00,8.0,M,0
S20-T3-23,2026-10-02,T3,14:00,22:00,8.0,M,0
