employee_id,store_id,role,turn,salary_period,salary_amount,rest_days,salary_zone
S20-A01,20,general_manager,ADM,daily,1600.0,sat|sun,general
S20-A02,20,assistant_manager,ADM,daily,950.0,sat|sun,general
S20-A03,20,hr_admin,ADM,daily,650.0,sat|sun,general
S20-A04,20,finance_cash_office,ADM,daily,650.0,sat|sun,general
S20-A05,20,maintenance,ADM,daily,420.0,sat|sun,general
S20-A06,20,receiving_logistics,ADM,daily,420.0,sat|sun,general
S20-A07,20,loss_prevention_manager,ADM,daily,700.0,sat|sun,general
S20-A08,20,training_admin,ADM,daily,500.0,sat|sun,general
S20-T1-01,20,supervisor,T1,daily,480.0,sat|sun,general
S20-T1-02,20,supervisor,T1,daily,480.0,mon|sun,general
S20-T1-03,20,cashier,T1,daily,315.04,mon|sun,general
S20-T1-04,20,cashier,T1,daily,315.04,sat|sun,general
S20-T1-05,20,cashier,T1,daily,315.04,thu|fri,general
S20-T1-06,20,cashier,T1,daily,315.04,tue|wed,general
S20-T1-07,20,cashier,T1,daily,315.04,fri|sat,general
S20-T1-08,20,cashier,T1,daily,315.04,tue|wed,general
S20-T1-09,20,warehouse,T1,daily,330.0,wed|thu,general
S20-T1-10,20,warehouse,T1,daily,330.0,sat|sun,general
S20-T1-11,20,warehouse,T1,daily,330.0,thu|fri,general
S20-T1-12,20,security,T1,daily,350.0,mon|sun,general
S20-T1-13,20,security,T1,daily,350.0,wed|thu,general
S20-T1-14,20,sales,T1,daily,315.04,sat|sun,general
S20-T1-15,20,sales,T1,daily,315.04,tue|wed,general
S20-T1-16,20,customer_service,T1,daily,330.0,wed|thu,general
S20-T1-17,20,customer_service,T1,daily,330.0,mon|tue,general
S20-T1-18,20,cashier,T1,daily,315.04,mon|tue,general
S20-T1-19,20,sales,T1,daily,315.04,thu|fri,general
S20-T1-20,20,customer_service,T1,daily,330.0,mon|sun,general
S20-T1-21,20,warehouse,T1,daily,330.0,fri|sat,general
S20-T1-22,20,cashier,T1,daily,315.04,sat|sun,general
S20-T1-23,20,security,T1,daily,350.0,tue|wed,general
S20-T1-24,20,cashier,T1,daily,315.04,mon|tue,general
S20-T1-25,20,sales,T1,daily,315.04,sat|sun,general
S20-T2-01,20,supervisor,T2,daily,480.0,sat|sun,general
S20-T2-02,20,supervisor,T2,daily,480.0,fri|sat,general
S20-T2-03,20,cashier,T2,daily,315.04,thu|fri,general
S20-T2-04,20,cashier,T2,daily,315.04,thu|fri,general
S20-T2-05,20,cashier,T2,daily,315.04,tue|wed,general
S20-T2-06,20,cashier,T2,daily,315.04,mon|sun,general
S20-T2-07,20,cashier,T2,daily,315.04,sat|sun,general
S20-T2-08,20,warehouse,T2,daily,330.0,wed|thu,general
S20-T2-09,20,warehouse,T2,daily,330.0,sat|sun,general
S20-T2-10,20,warehouse,T2,daily,330.0,mon|sun,general
S20-T2-11,20,security,T2,daily,350.0,wed|thu,general
S20-T2-12,20,security,T2,daily,350.0,sat|sun,general
S20-T2-13,20,sales,T2,daily,315.04,tue|wed,general
S20-T2-14,20,sales,T2,daily,315.04,wed|thu,general
S20-T2-15,20,sales,T2,daily,315.04,mon|tue,general
S20-T2-16,20,customer_service,T2,daily,330.0,sat|sun,general
S20-T2-17,20,customer_service,T2,daily,330.0,mon|tue,general
S20-T2-18,20,cashier,T2,daily,315.04,thu|fri,general
S20-T2-19,20,sales,T2,daily,315.04,mon|sun,general
S20-T2-20,20,customer_service,T2,daily,330.0,fri|sat,general
S20-T2-21,20,warehouse,T2,daily,330.0,mon|sun,general
S20-T2-22,20,cashier,T2,daily,315.04,tue|wed,general
S20-T2-23,20,security,T2,daily,350.0,mon|tue,general
S20-T2-24,20,cashier,T2,daily,315.04,sat|sun,general
S20-T3-01,20,supervisor,T3,daily,480.0,sat|sun,general
S20-T3-02,20,supervisor,T3,daily,480.0,fri|sat,general
S20-T3-03,20,cashier,T3,daily,315.04,thu|fri,general
S20-T3-04,20,cashier,T3,daily,315.04,thu|fri,general
S20-T3-05,20,cashier,T3,daily,315.04,tue|wed,general
S20-T3-06,20,cashier,T3,daily,315.04,mon|sun,general
S20-T3-07,20,cashier,T3,daily,315.04,sat|sun,general
S20-T3-08,20,warehouse,T3,daily,330.0,wed|thu,general
S20-T3-09,20,warehouse,T3,daily,330.0,sat|sun,general
S20-T3-10,20,warehouse,T3,daily,330.0,mon|sun,general
S20-T3-11,20,security,T3,daily,350.0,wed|thu,general
S20-T3-12,20,security,T3,daily,350.0,sat|sun,general
S20-T3-13,20,sales,T3,daily,315.04,tue|wed,general
S20-T3-14,20,sales,T3,daily,315.04,wed|thu,general
S20-T3-15,20,customer_service,T3,daily,330.0,mon|tue,general
S20-T3-16,20,customer_service,T3,daily,330.0,sat|sun,general
S20-T3-17,20,cashier,T3,daily,315.04,mon|tue,general
S20-T3-18,20,sales,T3,daily,315.04,thu|fri,general
S20-T3-19,20,customer_service,T3,daily,330.0,mon|sun,general
S20-T3-20,20,warehouse,T3,daily,330.0,fri|sat,general
S20-T3-21,20,cashier,T3,daily,315.04,tue|wed,general
S20-T3-22,20,security,T3,daily,350.0,mon|tue,general
S20-T3-23,20,cashier,T3,daily,315.04,sat|sun,general
