employee_id,date,code,start,end,hours,jornada_code,jornada_type,night_hours
Alexandra Mattson,2027-01-04,A,2027-01-04T14:00,2027-01-04T22:00,8.0,M,mixta,2.0
Alexandra Mattson,2027-01-05,A,2027-01-05T14:00,2027-01-05T22:00,8.0,M,mixta,2.0
Alexandra Mattson,2027-01-06,A,2027-01-06T14:00,2027-01-06T22:00,8.0,M,mixta,2.0
Alexandra Mattson,2027-01-08,L,2027-01-08T06:00,2027-01-08T14:00,8.0,D,diurna,0.0
Alexandra Mattson,2027-01-09,A,2027-01-09T14:00,2027-01-09T22:00,8.0,M,mixta,2.0
Alexandra Mattson,2027-01-11,N,2027-01-11T22:00,2027-01-12T06:00,8.0,N,nocturna,8.0
Alexandra Mattson,2027-01-12,N,2027-01-12T22:00,2027-01-13T06:00,8.0,N,nocturna,8.0
Alexandra Mattson,2027-01-16,A,2027-01-16T14:00,2027-01-16T22:00,8.0,M,mixta,2.0
Alexandra Mattson,2027-01-17,L,2027-01-17T06:00,2027-01-17T14:00,8.0,D,diurna,0.0
Alexandra Mattson,2027-01-18,L,2027-01-18T06:00,2027-01-18T14:00,8.0,D,diurna,0.0
Alexandra Mattson,2027-01-19,L,2027-01-19T06:00,2027-01-19T14:00,8.0,D,diurna,0.0
Alexandra Mattson,2027-01-20,L,2027-01-20T06:00,2027-01-20T14:00,8.0,D,diurna,0.0
Alexandra Mattson,2027-01-22,A,2027-01-22T14:00,2027-01-22T22:00,8.0,M,mixta,2.0
Alexandra Mattson,2027-01-23,L,2027-01-23T06:00,2027-01-23T14:00,8.0,D,diurna,0.0
Alexandra Mattson,2027-01-24,L,2027-01-24T06:00,2027-01-24T14:00,8.0,D,diurna,0.0
Alexandra Mattson,2027-01-26,A,2027-01-26T14:00,2027-01-26T22:00,8.0,M,mixta,2.0
Alexandra Mattson,2027-01-27,A,2027-01-27T14:00,2027-01-27T22:00,8.0,M,mixta,2.0
Alexandra Mattson,2027-01-28,N,2027-01-28T22:00,2027-01-29T06:00,8.0,N,nocturna,8.0
Alexandra Mattson,2027-01-29,A,2027-01-29T14:00,2027-01-29T22:00,8.0,M,mixta,2.0
Alexandra Mattson,2027-01-30,A,2027-01-30T14:00,2027-01-30T22:00,8.0,M,mixta,2.0
Alexandra Mattson,2027-01-31,N,2027-01-31T22:00,2027-02-01T06:00,8.0,N,nocturna,8.0
Aviv Perez,2027-01-06,N,2027-01-06T22:00,2027-01-07T06:00,8.0,N,nocturna,8.0
Aviv Perez,2027-01-07,N,2027-01-07T22:00,2027-01-08T06:00,8.0,N,nocturna,8.0
Aviv Perez,2027-01-08,N,2027-01-08T22:00,2027-01-09T06:00,8.0,N,nocturna,8.0
Aviv Perez,2027-01-10,N,2027-01-10T22:00,2027-01-11T06:00,8.0,N,nocturna,8.0
Aviv Perez,2027-01-11,A,2027-01-11T14:00,2027-01-11T22:00,8.0,M,mixta,2.0
Aviv Perez,2027-01-12,A,2027-01-12T14:00,2027-01-12T22:00,8.0,M,mixta,2.0
Aviv Perez,2027-01-13,A,2027-01-13T14:00,2027-01-13T22:00,8.0,M,mixta,2.0
Aviv Perez,2027-01-17,N,2027-01-17T22:00,2027-01-18T06:00,8.0,N,nocturna,8.0
Aviv Perez,2027-01-18,N,2027-01-18T22:00,2027-01-19T06:00,8.0,N,nocturna,8.0
Aviv Perez,2027-01-19,A,2027-01-19T14:00,2027-01-19T22:00,8.0,M,mixta,2.0
Aviv Perez,2027-01-20,A,2027-01-20T14:00,2027-01-20T22:00,8.0,M,mixta,2.0
Aviv Perez,2027-01-21,A,2027-01-21T14:00,2027-01-21T22:00,8.0,M,mixta,2.0
Aviv Perez,2027-01-22,N,2027-01-22T22:00,2027-01-23T06:00,8.0,N,nocturna,8.0
Aviv Perez,2027-01-24,N,2027-01-24T22:00,2027-01-25T06:00,8.0,N,nocturna,8.0
Aviv Perez,2027-01-25,A,2027-01-25T14:00,2027-01-25T22:00,8.0,M,mixta,2.0
Aviv Perez,2027-01-26,N,2027-01-26T22:00,2027-01-27T06:00,8.0,N,nocturna,8.0
Aviv Perez,2027-01-27,N,2027-01-27T22:00,2027-01-28T06:00,8.0,N,nocturna,8.0
Aviv Perez,2027-01-29,N,2027-01-29T22:00,2027-01-30T06:00,8.0,N,nocturna,8.0
Aviv Perez,2027-01-30,N,2027-01-30T22:00,2027-01-31T06:00,8.0,N,nocturna,8.0
Brian Gorman,2027-01-04,L,2027-01-04T06:00,2027-01-04T14:00,8.0,D,diurna,0.0
Brian Gorman,2027-01-05,L,2027-01-05T06:00,2027-01-05T14:00,8.0,D,diurna,0.0
Brian Gorman,2027-01-06,L,2027-01-06T06:00,2027-01-06T14:00,8.0,D,diurna,0.0
Brian Gorman,2027-01-07,L,2027-01-07T06:00,2027-01-07T14:00,8.0,D,diurna,0.0
Brian Gorman,2027-01-09,L,2027-01-09T06:00,2027-01-09T14:00,8.0,D,diurna,0.0
Brian Gorman,2027-01-10,A,2027-01-10T14:00,2027-01-10T22:00,8.0,M,mixta,2.0
Brian Gorman,2027-01-11,L,2027-01-11T06:00,2027-01-11T14:00,8.0,D,diurna,0.0
Brian Gorman,2027-01-13,N,2027-01-13T22:00,2027-01-14T06:00,8.0,N,nocturna,8.0
Brian Gorman,2027-01-14,L,2027-01-14T06:00,2027-01-14T14:00,8.0,D,diurna,0.0
Brian Gorman,2027-01-15,L,2027-01-15T06:00,2027-01-15T14:00,8.0,D,diurna,0.0
Brian Gorman,2027-01-16,L,2027-01-16T06:00,2027-01-16T14:00,8.0,D,diurna,0.0
Brian Gorman,2027-01-17,A,2027-01-17T14:00,2027-01-17T22:00,8.0,M,mixta,2.0
Brian Gorman,2027-01-18,A,2027-01-18T14:00,2027-01-18T22:00,8.0,M,mixta,2.0
Brian Gorman,2027-01-22,L,2027-01-22T06:00,2027-01-22T14:00,8.0,D,diurna,0.0
Brian Gorman,2027-01-23,A,2027-01-23T14:00,2027-01-23T22:00,8.0,M,mixta,2.0
Brian Gorman,2027-01-24,A,2027-01-24T14:00,2027-01-24T22:00,8.0,M,mixta,2.0
Brian Gorman,2027-01-25,N,2027-01-25T22:00,2027-01-26T06:00,8.0,N,nocturna,8.0
Brian Gorman,2027-01-28,A,2027-01-28T14:00,2027-01-28T22:00,8.0,M,mixta,2.0
Brian Gorman,2027-01-29,L,2027-01-29T06:00,2027-01-29T14:00,8.0,D,diurna,0.0
Brian Gorman,2027-01-30,L,2027-01-30T06:00,2027-01-30T14:00,8.0,D,diurna,0.0
Brian Gorman,2027-01-31,L,2027-01-31T06:00,2027-01-31T14:00,8.0,D,diurna,0.0
Brooklyn Jansen,2027-01-04,N,2027-01-04T22:00,2027-01-05T06:00,8.0,N,nocturna,8.0
Brooklyn Jansen,2027-01-05,N,2027-01-05T22:00,2027-01-06T06:00,8.0,N,nocturna,8.0
Brooklyn Jansen,2027-01-07,A,2027-01-07T14:00,2027-01-07T22:00,8.0,M,mixta,2.0
Brooklyn Jansen,2027-01-08,A,2027-01-08T14:00,2027-01-08T22:00,8.0,M,mixta,2.0
Brooklyn Jansen,2027-01-09,N,2027-01-09T22:00,2027-01-10T06:00,8.0,N,nocturna,8.0
Brooklyn Jansen,2027-01-10,L,2027-01-10T06:00,2027-01-10T14:00,8.0,D,diurna,0.0
Brooklyn Jansen,2027-01-12,L,2027-01-12T06:00,2027-01-12T14:00,8.0,D,diurna,0.0
Brooklyn Jansen,2027-01-13,L,2027-01-13T06:00,2027-01-13T14:00,8.0,D,diurna,0.0
Brooklyn Jansen,2027-01-14,A,2027-01-14T14:00,2027-01-14T22:00,8.0,M,mixta,2.0
Brooklyn Jansen,2027-01-15,A,2027-01-15T14:00,2027-01-15T22:00,8.0,M,mixta,2.0
Brooklyn Jansen,2027-01-16,N,2027-01-16T22:00,2027-01-17T06:00,8.0,N,nocturna,8.0
Brooklyn Jansen,2027-01-19,N,2027-01-19T22:00,2027-01-20T06:00,8.0,N,nocturna,8.0
Brooklyn Jansen,2027-01-20,N,2027-01-20T22:00,2027-01-21T06:00,8.0,N,nocturna,8.0
Brooklyn Jansen,2027-01-21,N,2027-01-21T22:00,2027-01-22T06:00,8.0,N,nocturna,8.0
Brooklyn Jansen,2027-01-23,N,2027-01-23T22:00,2027-01-24T06:00,8.0,N,nocturna,8.0
Brooklyn Jansen,2027-01-25,L,2027-01-25T06:00,2027-01-25T14:00,8.0,D,diurna,0.0
Brooklyn Jansen,2027-01-26,L,2027-01-26T06:00,2027-01-26T14:00,8.0,D,diurna,0.0
Brooklyn Jansen,2027-01-27,L,2027-01-27T06:00,2027-01-27T14:00,8.0,D,diurna,0.0
Brooklyn Jansen,2027-01-28,L,2027-01-28T06:00,2027-01-28T14:00,8.0,D,diurna,0.0
Brooklyn Jansen,2027-01-31,A,2027-01-31T14:00,2027-01-31T22:00,8.0,M,mixta,2.0
Carmen Robertson,2027-01-04,A,2027-01-04T14:00,2027-01-04T22:00,8.0,M,mixta,2.0
Carmen Robertson,2027-01-05,A,2027-01-05T14:00,2027-01-05T22:00,8.0,M,mixta,2.0
Carmen Robertson,2027-01-06,A,2027-01-06T14:00,2027-01-06T22:00,8.0,M,mixta,2.0
Carmen Robertson,2027-01-08,L,2027-01-08T06:00,2027-01-08T14:00,8.0,D,diurna,0.0
Carmen Robertson,2027-01-09,A,2027-01-09T14:00,2027-01-09T22:00,8.0,M,mixta,2.0
Carmen Robertson,2027-01-11,N,2027-01-11T22:00,2027-01-12T06:00,8.0,N,nocturna,8.0
Carmen Robertson,2027-01-12,N,2027-01-12T22:00,2027-01-13T06:00,8.0,N,nocturna,8.0
Carmen Robertson,2027-01-16,A,2027-01-16T14:00,2027-01-16T22:00,8.0,M,mixta,2.0
Carmen Robertson,2027-01-17,L,2027-01-17T06:00,2027-01-17T14:00,8.0,D,diurna,0.0
Carmen Robertson,2027-01-18,L,2027-01-18T06:00,2027-01-18T14:00,8.0,D,diurna,0.0
Carmen Robertson,2027-01-19,L,2027-01-19T06:00,2027-01-19T14:00,8.0,D,diurna,0.0
Carmen Robertson,2027-01-20,L,2027-01-20T06:00,2027-01-20T14:00,8.0,D,diurna,0.0
Carmen Robertson,2027-01-22,A,2027-01-22T14:00,2027-01-22T22:00,8.0,M,mixta,2.0
Carmen Robertson,2027-01-23,L,2027-01-23T06:00,2027-01-23T14:00,8.0,D,diurna,0.0
Carmen Robertson,2027-01-24,L,2027-01-24T06:00,2027-01-24T14:00,8.0,D,diurna,0.0
Carmen Robertson,2027-01-26,A,2027-01-26T14:00,2027-01-26T22:00,8.0,M,mixta,2.0
Carmen Robertson,2027-01-27,A,2027-01-27T14:00,2027-01-27T22:00,8.0,M,mixta,2.0
Carmen Robertson,2027-01-28,N,2027-01-28T22:00,2027-01-29T06:00,8.0,N,nocturna,8.0
Carmen Robertson,2027-01-29,A,2027-01-29T14:00,2027-01-29T22:00,8.0,M,mixta,2.0
Carmen Robertson,2027-01-30,A,2027-01-30T14:00,2027-01-30T22:00,8.0,M,mixta,2.0
Carmen Robertson,2027-01-31,N,2027-01-31T22:00,2027-02-01T06:00,8.0,N,nocturna,8.0
