store_id,employees,current_total,proposed_total,saving_mxn,saving_pct,current_premiums,proposed_premiums,current_ot_h,proposed_ot_h,current_restday_calls,proposed_restday_calls,current_peak_short_h,proposed_peak_short_h,current_overstaff_h,proposed_overstaff_h,current_violations,proposed_violations,solver_status,solver_s
1,80,244425.02,216520.44,27904.58,11.42,33084.94,5180.36,250.5,0.0,9,0,62.0,0.0,1430.0,1017.5,56,0,OPTIMAL,0.21
2,80,242327.64,216082.94,26244.7,10.83,30987.56,4742.86,264.5,0.0,5,0,83.0,0.0,1330.0,941.0,58,0,OPTIMAL,0.16
3,80,240723.52,216607.94,24115.58,10.02,29383.44,5267.86,236.5,0.0,5,0,48.0,0.0,1340.0,979.5,55,0,OPTIMAL,0.24
4,80,235449.48,216607.94,18841.54,8.0,24109.4,5267.86,194.5,0.0,3,0,69.0,0.0,1302.0,989.0,52,0,OPTIMAL,0.18
5,80,241958.66,216520.44,25438.22,10.51,30618.58,5180.36,271.5,0.0,3,0,49.0,0.0,1349.0,969.5,61,0,OPTIMAL,0.2
6,80,239291.02,216695.44,22595.58,9.44,27950.94,5355.36,222.5,0.0,5,0,100.0,0.0,1225.0,864.0,54,0,OPTIMAL,0.66
7,80,240184.98,216520.44,23664.54,9.85,28844.9,5180.36,257.5,0.0,3,0,103.0,0.0,1248.0,876.0,58,0,OPTIMAL,0.18
8,80,239671.24,216170.44,23500.8,9.81,28331.16,4830.36,243.5,0.0,4,0,81.0,0.0,1310.0,950.5,57,0,OPTIMAL,0.31
9,80,238802.28,216607.94,22194.34,9.29,27462.2,5267.86,236.5,0.0,3,0,65.0,0.0,1334.0,988.0,55,0,OPTIMAL,0.24
10,80,238494.88,216432.94,22061.94,9.25,27154.8,5092.86,236.5,0.0,3,0,94.0,0.0,1293.0,935.5,57,0,OPTIMAL,0.21
11,80,238696.0,216345.44,22350.56,9.36,27355.92,5005.36,215.5,0.0,5,0,60.0,0.0,1318.0,976.5,56,0,OPTIMAL,0.23
12,80,238137.14,215577.94,22559.2,9.47,26797.06,4237.86,215.5,0.0,5,0,190.0,0.0,1132.0,796.5,56,0,OPTIMAL,0.3
13,80,244812.74,216170.44,28642.3,11.7,33472.66,4830.36,229.5,0.0,12,0,69.0,0.0,1340.0,935.5,54,0,OPTIMAL,0.56
14,80,242189.04,217055.44,25133.6,10.38,30848.96,5715.36,243.5,0.0,8,0,79.0,0.0,1339.0,934.0,57,0,OPTIMAL,0.29
15,80,239868.52,216607.94,23260.58,9.7,28528.44,5267.86,229.5,0.0,5,0,42.0,0.0,1396.0,1037.5,57,0,OPTIMAL,0.17
16,80,240989.9,215825.44,25164.46,10.44,29649.82,4485.36,243.5,0.0,5,0,136.0,0.0,1192.0,818.0,58,0,OPTIMAL,0.31
17,80,246355.24,216170.44,30184.8,12.25,35015.16,4830.36,243.5,0.0,14,0,44.0,0.0,1410.0,975.0,58,0,OPTIMAL,0.2
18,80,241401.48,216345.44,25056.04,10.38,30061.4,5005.36,222.5,0.0,9,0,61.0,0.0,1406.0,1022.0,53,0,OPTIMAL,0.14
19,80,237771.1,216520.44,21250.66,8.94,26431.02,5180.36,208.5,0.0,5,0,56.0,0.0,1368.0,1033.0,54,0,OPTIMAL,0.16
20,80,244325.16,216082.94,28242.22,11.56,32985.08,4742.86,250.5,0.0,9,0,44.0,0.0,1363.0,959.0,58,0,OPTIMAL,0.4
21,80,239176.16,216257.94,22918.22,9.58,27836.08,4917.86,222.5,0.0,5,0,37.0,0.0,1412.0,1058.0,54,0,OPTIMAL,0.17
22,80,239389.82,216257.94,23131.88,9.66,28049.74,4917.86,243.5,0.0,3,0,128.0,0.0,1202.0,842.5,57,0,OPTIMAL,0.25
23,80,242122.5,216607.94,25514.56,10.54,30782.42,5267.86,257.5,0.0,5,0,58.0,0.0,1390.0,1005.5,59,0,OPTIMAL,0.16
24,80,239992.66,215995.44,23997.22,10.0,28652.58,4655.36,243.5,0.0,5,0,91.0,0.0,1325.0,948.5,59,0,OPTIMAL,0.21
25,80,245420.38,216520.44,28899.94,11.78,34080.3,5180.36,243.5,0.0,12,0,124.0,0.0,1303.0,880.0,56,0,OPTIMAL,0.43
26,80,240571.22,216170.44,24400.78,10.14,29231.14,4830.36,250.5,0.0,4,0,46.0,0.0,1337.0,970.5,57,0,OPTIMAL,0.13
27,80,236791.0,216345.44,20445.56,8.63,25450.92,5005.36,215.5,0.0,3,0,100.0,0.0,1258.0,928.5,54,0,OPTIMAL,0.3
28,80,247172.72,216345.44,30827.28,12.47,35832.64,5005.36,264.5,0.0,12,0,94.0,0.0,1408.0,961.5,57,0,OPTIMAL,0.3
29,80,246387.44,215995.44,30392.0,12.34,35047.36,4655.36,236.5,0.0,14,0,133.0,0.0,1257.0,836.5,56,0,OPTIMAL,0.22
30,80,239891.52,216695.44,23196.08,9.67,28551.44,5355.36,243.5,0.0,5,0,55.0,0.0,1394.0,1021.5,55,0,OPTIMAL,0.16
31,80,247139.2,216432.94,30706.26,12.42,35799.12,5092.86,264.5,0.0,12,0,62.0,0.0,1511.0,1060.5,60,0,OPTIMAL,0.17
32,80,244881.2,216170.44,28710.76,11.72,33541.12,4830.36,222.5,0.0,14,0,37.0,0.0,1388.0,964.5,54,0,OPTIMAL,0.15
33,80,245669.04,216082.94,29586.1,12.04,34328.96,4742.86,243.5,0.0,12,0,161.0,0.0,1229.0,812.5,57,0,OPTIMAL,0.24
34,80,247453.42,216257.94,31195.48,12.61,36113.34,4917.86,257.5,0.0,15,0,85.0,0.0,1327.0,868.0,55,0,OPTIMAL,0.41
35,80,240987.38,216170.44,24816.94,10.3,29647.3,4830.36,243.5,0.0,5,0,83.0,0.0,1339.0,963.0,57,0,OPTIMAL,0.14
36,80,238308.74,216695.44,21613.3,9.07,26968.66,5355.36,222.5,0.0,5,0,66.0,0.0,1371.0,1024.0,56,0,OPTIMAL,0.17
37,80,242116.24,216345.44,25770.8,10.64,30776.16,5005.36,257.5,0.0,5,0,48.0,0.0,1473.0,1081.5,57,0,OPTIMAL,0.17
38,80,237658.88,216345.44,21313.44,8.97,26318.8,5005.36,215.5,0.0,5,0,44.0,0.0,1395.0,1048.0,54,0,OPTIMAL,0.14
39,80,244374.16,216607.94,27766.22,11.36,33034.08,5267.86,222.5,0.0,14,0,91.0,0.0,1325.0,910.0,55,0,OPTIMAL,0.13
40,80,244598.04,216695.44,27902.6,11.41,33257.96,5355.36,222.5,0.0,14,0,43.0,0.0,1433.0,1012.5,56,0,OPTIMAL,0.18
41,80,244781.36,216815.44,27965.92,11.42,33441.28,5475.36,215.5,0.0,14,0,69.0,0.0,1412.0,994.0,56,0,OPTIMAL,0.15
42,80,237563.44,216345.44,21218.0,8.93,26223.36,5005.36,201.5,0.0,5,0,88.0,0.0,1284.0,949.5,53,0,OPTIMAL,0.2
43,80,237346.2,216432.94,20913.26,8.81,26006.12,5092.86,215.5,0.0,4,0,85.0,0.0,1303.0,968.5,54,0,OPTIMAL,0.2
44,80,242176.28,216695.44,25480.84,10.52,30836.2,5355.36,278.5,0.0,3,0,52.0,0.0,1411.0,1022.5,61,0,OPTIMAL,0.17
45,80,243610.28,216345.44,27264.84,11.19,32270.2,5005.36,208.5,0.0,14,0,59.0,0.0,1347.0,949.0,53,0,OPTIMAL,0.17
46,80,300808.17,272758.64,28049.53,9.32,35444.05,7394.52,243.5,0.0,3,0,52.0,0.0,1331.0,980.0,56,0,OPTIMAL,0.23
47,80,307173.4,271977.32,35196.08,11.46,41809.28,6613.2,250.5,0.0,9,0,60.0,0.0,1355.0,957.0,58,0,OPTIMAL,0.16
48,80,310521.67,272197.76,38323.91,12.34,45157.55,6833.64,257.5,0.0,12,0,88.0,0.0,1395.0,961.0,57,0,OPTIMAL,0.36
49,80,304192.97,272998.64,31194.33,10.25,38828.85,7634.52,257.5,0.0,5,0,62.0,0.0,1370.0,989.0,58,0,OPTIMAL,0.18
50,80,306235.56,272878.64,33356.92,10.89,40871.44,7514.52,243.5,0.0,9,0,80.0,0.0,1397.0,987.5,58,0,OPTIMAL,0.13
